Workbook

Sheet NUMBERING
A1: N° | C1: Structure | D1: Code | E1: WEIGHT | F1: PACKAGE NR | G1: ORDER | H1: ORDERED | I1: DELIVERD
A2: 1 | B2: AG26-001-10 | C2: Bridge over box - BOB | D2: 100-131 | E2: ='100-BOB'!$F$102 -> 6852.6
A3: 2 | B3: AG26-001-10 | C3: Screw conveyer 1 - SCV1 | D3: 200-202 | E3: ='200 - SCV1'!F102 -> 114.9
A4: 3 | B4: AG26-001-10 | C4: Choice valve - CV | D4: 300-301 | E4: ='300 - CV'!F102 -> 90.2
A5: 4 | B5: AG26-001-10 | C5: SCV1 + SCV2 + Disc spreader - SSD | D5: 400-108 | E5: ='400 - SSD'!F102 -> 479.9
A6: 5 | B6: AG26-001-10 | C6: Steinert inductive separator - ISS | D6: 500-503 | E6: ='500 - ISS'!F102 -> 442.6
A7: 6 | B7: AG26-001-10 | C7: SCV3 + SCV4 + BCV - SSB | D7: 600-607 | E7: ='600 - SSB'!F102 -> 467.4
A8: 7 | B8: AG26-001-10 | C8: Belt conveyer - BCV | D8: 700-702 | E8: ='700 - BCV'!F102 -> 139.8
A9: 8 | B9: AG26-001-10 | C9: Eddy current separator - ECS | D9: 800-804 | E9: ='800 - ECS'!F102 -> 403.8
A10: 9 | B10: AG26-001-10 | C10: Piping - PIP | D10: 900 | E10: ='900 - PIP'!F102 -> 49.2
D11: TOTAL WEIGHT | E11: =SUM(E2:E10) -> 9040.4

Sheet 100-BOB
A1: Code | B1: Part N° | C1: Name WA & parts | D1: weight | E1: qty | F1: tot wght | G1: STEP file | H1: Checked | I1: supplier | J1: PACK | K1: order
A2: 100 | B2: 26152930 | C2: L60x60x6_bracing_long | D2: 12.9 | E2: 8 | F2: =D2*E2 -> 103.2
A3: 101 | B3: 26152933 | C3: L60x60x6_bracing_short | D3: 11.6 | E3: 4 | F3: =D3*E3 -> 46.4
A4: 102 | B4: 26152965 | C4: WA_HEA100_hor_bracing_long | D4: 36.2 | E4: 8 | F4: =D4*E4 -> 289.6
A5: 103 | B5: 26152969 | C5: WA_HEA100_hor_bracing_short | D5: 33.3 | E5: 4 | F5: =D5*E5 -> 133.2
A6: 104 | B6: 26152944 | C6: WA_HEA100_ang_support_platform_1 | D6: 22.5 | E6: 1 | F6: =D6*E6 -> 22.5
A7: 105 | B7: 26152950 | C7: WA_HEA100_ang_support_platform_2 | D7: 24.1 | E7: 1 | F7: =D7*E7 -> 24.1
A8: 106 | B8: 26152956 | C8: WA_HEA100_ang_support_platform_3 | D8: 24.4 | E8: 1 | F8: =D8*E8 -> 24.4
A9: 107 | B9: 26152973 | C9: WA_HEA100_hor_long | D9: 32.8 | E9: 3 | F9: =D9*E9 -> 98.4
A10: 108 | B10: 26152975 | C10: WA_HEA100_hor_short | D10: 30 | E10: 2 | F10: =D10*E10 -> 60
A11: 109 | B11: 26152994 | C11: WA_HEA100_hor_support_platform | D11: 19.4 | E11: 2 | F11: =D11*E11 -> 38.8
A12: 110 | B12: 26153016 | C12: WA_HEA100_hor_support_platform | D12: 19.6 | E12: 1 | F12: =D12*E12 -> 19.6
A13: 111 | B13: 26153022 | C13: WA_HEA100_hor_support_platform | D13: 33.8 | E13: 1 | F13: =D13*E13 -> 33.8
... A33: 131 | B33: 26153200 | C33: WA_IPE270_7 | D33: 406.8 | E33: 1 | F33: =D33*E33 -> 406.8
A34: 132 | F34: =D34*E34 -> 0
A35: 133 | F35: =D35*E35 -> 0
A36: 134 | F36: =D36*E36 -> 0
A37: 135 | F37: =D37*E37 -> 0
A38: 136 | F38: =D38*E38 -> 0
A39: 137 | F39: =D39*E39 -> 0
A40: 138 | F40: =D40*E40 -> 0
A41: 139 | F41: =D41*E41 -> 0
A42: 140 | F42: =D42*E42 -> 0
A43: 141 | F43: =D43*E43 -> 0
A44: 142 | F44: =D44*E44 -> 0
A45: 143 | F45: =D45*E45 -> 0
... A101: 199 | F101: =D101*E101 -> 0
F102: =SUM(F2:F101) -> 6852.6 | G102: TOTAL WEIGHT

Sheet 200 - SCV1
A1: Code | B1: Part N° | C1: Name WA & parts | D1: weight | E1: qty | F1: tot wght | G1: STEP file | H1: Checked | I1: supplier | J1: PACK | K1: order
A2: 200 | B2: 26152525 | C2: HEA140 | D2: 61.8 | E2: 1 | F2: =D2*E2 -> 61.8
A3: 201 | B3: 26152558 | C3: WA_HEA100_ver_1 | D3: 37.8 | E3: 1 | F3: =D3*E3 -> 37.8
A4: 202 | B4: 26152532 | C4: WA_HEA100_ver_2 | D4: 15.3 | E4: 1 | F4: =D4*E4 -> 15.3
A5: 203 | F5: =D5*E5 -> 0
A6: 204 | F6: =D6*E6 -> 0
A7: 205 | F7: =D7*E7 -> 0
A8: 206 | F8: =D8*E8 -> 0
A9: 207 | F9: =D9*E9 -> 0
A10: 208 | F10: =D10*E10 -> 0
A11: 209 | F11: =D11*E11 -> 0
A12: 210 | F12: =D12*E12 -> 0
A13: 211 | F13: =D13*E13 -> 0
A14: 212 | F14: =D14*E14 -> 0
A15: 213 | F15: =D15*E15 -> 0
A16: 214 | F16: =D16*E16 -> 0
... A101: 299 | F101: =D101*E101 -> 0
F102: =SUM(F2:F101) -> 114.9 | G102: TOTAL WEIGHT

Sheet 300 - CV
A1: Code | B1: Part N° | C1: Name WA & parts | D1: weight | E1: qty | F1: tot wght | G1: STEP file | H1: Checked | I1: supplier | J1: PACK | K1: order
A2: 300 | B2: 26152453 | C2: UPN120 | D2: 45.1 | E2: 1 | F2: =D2*E2 -> 45.1
A3: 301 | B3: 26152459 | C3: UPN120 | D3: 45.1 | E3: 1 | F3: =D3*E3 -> 45.1
A4: 302 | F4: =D4*E4 -> 0
A5: 303 | F5: =D5*E5 -> 0
A6: 304 | F6: =D6*E6 -> 0
A7: 305 | F7: =D7*E7 -> 0
A8: 306 | F8: =D8*E8 -> 0
A9: 307 | F9: =D9*E9 -> 0
A10: 308 | F10: =D10*E10 -> 0
A11: 309 | F11: =D11*E11 -> 0
A12: 310 | F12: =D12*E12 -> 0
A13: 311 | F13: =D13*E13 -> 0
A14: 312 | F14: =D14*E14 -> 0
A15: 313 | F15: =D15*E15 -> 0
... A101: 399 | F101: =D101*E101 -> 0
F102: =SUM(F2:F101) -> 90.2 | G102: TOTAL WEIGHT

Sheet 400 - SSD
A1: Code | B1: Part N° | C1: Name WA & parts | D1: weight | E1: qty | F1: tot wght | G1: STEP file | H1: Checked | I1: supplier | J1: PACK | K1: order
A2: 400 | B2: 26152666 | C2: WA_IPE240_hor | D2: 144.3 | E2: 1 | F2: =D2*E2 -> 144.3
A3: 401 | B3: 26152679 | C3: WA_HEA140_hor_1 | D3: 82.7 | E3: 1 | F3: =D3*E3 -> 82.7
A4: 402 | B4: 26152699 | C4: WA_HEA140_hor_2 | D4: 45.2 | E4: 1 | F4: =D4*E4 -> 45.2
A5: 403 | B5: 26152739 | C5: WA_HEA100_ver_1 | D5: 60 | E5: 1 | F5: =D5*E5 -> 60
A6: 404 | B6: 26152732 | C6: WA_HEA100_ver_2 | D6: 57.8 | E6: 1 | F6: =D6*E6 -> 57.8
A7: 405 | B7: 26152729 | C7: WA_HEA100_ver_3 | D7: 40 | E7: 1 | F7: =D7*E7 -> 40
A8: 406 | B8: 26152716 | C8: WA_HEA100_ver_4 | D8: 12.9 | E8: 1 | F8: =D8*E8 -> 12.9
A9: 407 | B9: 26152750 | C9: WA_HEA100_ang_1 | D9: 21.7 | E9: 1 | F9: =D9*E9 -> 21.7
A10: 408 | B10: 26152746 | C10: WA_HEA100_ang_2 | D10: 15.3 | E10: 1 | F10: =D10*E10 -> 15.3
A11: 409 | F11: =D11*E11 -> 0
A12: 410 | F12: =D12*E12 -> 0
A13: 411 | F13: =D13*E13 -> 0
A14: 412 | F14: =D14*E14 -> 0
A15: 413 | F15: =D15*E15 -> 0
A16: 414 | F16: =D16*E16 -> 0
A17: 415 | F17: =D17*E17 -> 0
A18: 416 | F18: =D18*E18 -> 0
A19: 417 | F19: =D19*E19 -> 0
A20: 418 | F20: =D20*E20 -> 0
A21: 419 | F21: =D21*E21 -> 0
A22: 420 | F22: =D22*E22 -> 0
... A101: 499 | F101: =D101*E101 -> 0
F102: =SUM(F2:F101) -> 479.9 | G102: TOTAL WEIGHT

Sheet 500 - ISS
A1: Code | B1: Part N° | C1: Name WA & parts | D1: weight | E1: qty | F1: tot wght | G1: STEP file | H1: Checked | I1: supplier | J1: PACK | K1: order
A2: 500 | B2: 26152289 | C2: WA_UPN160_Length_1 | D2: 153.6 | E2: 1 | F2: =D2*E2 -> 153.6
A3: 501 | B3: 26152271 | C3: WA_UPN160_Length_2 | D3: 153.6 | E3: 1 | F3: =D3*E3 -> 153.6
A4: 502 | B4: 26152265 | C4: WA_UPN160_Width_1 | D4: 67.9 | E4: 1 | F4: =D4*E4 -> 67.9
A5: 503 | B5: 26152261 | C5: WA_UPN160_Width_2 | D5: 67.5 | E5: 1 | F5: =D5*E5 -> 67.5
A6: 504 | F6: =D6*E6 -> 0
A7: 505 | F7: =D7*E7 -> 0
A8: 506 | F8: =D8*E8 -> 0
A9: 507 | F9: =D9*E9 -> 0
A10: 508 | F10: =D10*E10 -> 0
A11: 509 | F11: =D11*E11 -> 0
A12: 510 | F12: =D12*E12 -> 0
A13: 511 | F13: =D13*E13 -> 0
A14: 512 | F14: =D14*E14 -> 0
A15: 513 | F15: =D15*E15 -> 0
A16: 514 | F16: =D16*E16 -> 0
A17: 515 | F17: =D17*E17 -> 0
... A101: 599 | F101: =D101*E101 -> 0
F102: =SUM(F2:F101) -> 442.6 | G102: TOTAL WEIGHT

Sheet 600 - SSB
A1: Code | B1: Part N° | C1: Name WA & parts | D1: weight | E1: qty | F1: tot wght | G1: STEP file | H1: Checked | I1: supplier | J1: PACK | K1: order
A2: 600 | B2: 26152302 | C2: HEA140 | D2: 51.2 | E2: 1 | F2: =D2*E2 -> 51.2
A3: 601 | B3: 26152303 | C3: HEA140 | D3: 47 | E3: 2 | F3: =D3*E3 -> 94
A4: 602 | B4: 26152315 | C4: WA_HEA140_hor_support_SCV3 | D4: 50.6 | E4: 1 | F4: =D4*E4 -> 50.6
A5: 603 | B5: 26152322 | C5: WA_HEA100_ver_5 | D5: 48 | E5: 1 | F5: =D5*E5 -> 48
A6: 604 | B6: 26152336 | C6: WA_HEA100_ver_4 | D6: 45.8 | E6: 2 | F6: =D6*E6 -> 91.6
A7: 605 | B7: 26152338 | C7: WA_HEA100_ver_3 | D7: 48 | E7: 1 | F7: =D7*E7 -> 48
A8: 606 | B8: 26152376 | C8: WA_HEA100_ver_2 | D8: 42 | E8: 1 | F8: =D8*E8 -> 42
A9: 607 | B9: 26152378 | C9: WA_HEA100_ver_1 | D9: 42 | E9: 1 | F9: =D9*E9 -> 42
A10: 608 | F10: =D10*E10 -> 0
A11: 609 | F11: =D11*E11 -> 0
A12: 610 | F12: =D12*E12 -> 0
A13: 611 | F13: =D13*E13 -> 0
A14: 612 | F14: =D14*E14 -> 0
A15: 613 | F15: =D15*E15 -> 0
A16: 614 | F16: =D16*E16 -> 0
A17: 615 | F17: =D17*E17 -> 0
A18: 616 | F18: =D18*E18 -> 0
A19: 617 | F19: =D19*E19 -> 0
A20: 618 | F20: =D20*E20 -> 0
A21: 619 | F21: =D21*E21 -> 0
... A101: 699 | F101: =D101*E101 -> 0
F102: =SUM(F2:F101) -> 467.4 | G102: TOTAL WEIGHT

Sheet 700 - BCV
A1: Code | B1: Part N° | C1: Name WA & parts | D1: weight | E1: qty | F1: tot wght | G1: STEP file | H1: Checked | I1: supplier | J1: PACK | K1: order
A2: 700 | B2: 26152439 | C2: WA_Support_tail | D2: 42.6 | E2: 1 | F2: =D2*E2 -> 42.6
A3: 701 | B3: 26152444 | C3: WA_Support_head | D3: 56.3 | E3: 1 | F3: =D3*E3 -> 56.3
A4: 702 | B4: 26152446 | C4: HEA140 | D4: 40.9 | E4: 1 | F4: =D4*E4 -> 40.9
A5: 703 | F5: =D5*E5 -> 0
A6: 704 | F6: =D6*E6 -> 0
A7: 705 | F7: =D7*E7 -> 0
A8: 706 | F8: =D8*E8 -> 0
A9: 707 | F9: =D9*E9 -> 0
A10: 708 | F10: =D10*E10 -> 0
A11: 709 | F11: =D11*E11 -> 0
A12: 710 | F12: =D12*E12 -> 0
A13: 711 | F13: =D13*E13 -> 0
A14: 712 | F14: =D14*E14 -> 0
A15: 713 | F15: =D15*E15 -> 0
A16: 714 | F16: =D16*E16 -> 0
... A101: 799 | F101: =D101*E101 -> 0
F102: =SUM(F2:F101) -> 139.8 | G102: TOTAL WEIGHT

Sheet 800 - ECS
A1: Code | B1: Part N° | C1: Name WA & parts | D1: weight | E1: qty | F1: tot wght | G1: STEP file | H1: Checked | I1: supplier | J1: PACK | K1: order
A2: 800 | B2: 26152503 | C2: WA_HEA140_hor_1 | D2: 123.9 | E2: 1 | F2: =D2*E2 -> 123.9
A3: 801 | B3: 26152502 | C3: WA_HEA140_hor_2 | D3: 123.9 | E3: 1 | F3: =D3*E3 -> 123.9
A4: 802 | B4: 26152494 | C4: WA_HEA140_ver_1 | D4: 35.9 | E4: 1 | F4: =D4*E4 -> 35.9
A5: 803 | B5: 26152490 | C5: WA_HEA140_ver_2 | D5: 35.9 | E5: 1 | F5: =D5*E5 -> 35.9
A6: 804 | B6: 26152466 | C6: WA_Support_to_wall | D6: 84.2 | E6: 1 | F6: =D6*E6 -> 84.2
A7: 805 | F7: =D7*E7 -> 0
A8: 806 | F8: =D8*E8 -> 0
A9: 807 | F9: =D9*E9 -> 0
A10: 808 | F10: =D10*E10 -> 0
A11: 809 | F11: =D11*E11 -> 0
A12: 810 | F12: =D12*E12 -> 0
A13: 811 | F13: =D13*E13 -> 0
A14: 812 | F14: =D14*E14 -> 0
A15: 813 | F15: =D15*E15 -> 0
A16: 814 | F16: =D16*E16 -> 0
A17: 815 | F17: =D17*E17 -> 0
A18: 816 | F18: =D18*E18 -> 0
... A101: 899 | F101: =D101*E101 -> 0
F102: =SUM(F2:F101) -> 403.8 | G102: TOTAL WEIGHT

Sheet 900 - PIP
A1: Code | B1: Part N° | C1: Name WA & parts | D1: weight | E1: qty | F1: tot wght | G1: STEP file | H1: Checked | I1: supplier | J1: PACK | K1: order
A2: 900 | B2: 26152153 | C2: WA_Support_piping | D2: 12.3 | E2: 4 | F2: =D2*E2 -> 49.2
A3: 901 | F3: =D3*E3 -> 0
A4: 902 | F4: =D4*E4 -> 0
A5: 903 | F5: =D5*E5 -> 0
A6: 904 | F6: =D6*E6 -> 0
A7: 905 | F7: =D7*E7 -> 0
A8: 906 | F8: =D8*E8 -> 0
A9: 907 | F9: =D9*E9 -> 0
A10: 908 | F10: =D10*E10 -> 0
A11: 909 | F11: =D11*E11 -> 0
A12: 910 | F12: =D12*E12 -> 0
A13: 911 | F13: =D13*E13 -> 0
A14: 912 | F14: =D14*E14 -> 0
... A101: 999 | F101: =D101*E101 -> 0
F102: =SUM(F2:F101) -> 49.2 | G102: TOTAL WEIGHT
